{
  "IsEncrypted": false,
  "Values": {
    "AzureWebJobsStorage": "UseDevelopmentStorage=true",
    "FUNCTIONS_WORKER_RUNTIME": "dotnet",
    "SqlConnectionString": "Server=tcp:sqeqptech-expense-app-sql.database.windows.net,1433;Initial Catalog=sqeptech-expense-app-db-dev;Persist Security Info=False;User ID=apiuser;Password=6lWa8ZoE6AH5iDvk;MultipleActiveResultSets=False;Encrypt=True;TrustServerCertificate=False;Connection Timeout=30;",
    "sqeptech-expenses-api-devClientId": "0449d959-03a2-4a87-b621-71c2938619a0",
    "sqeptech-expenses-api-devClientSecert": "N3i8Q~KR5eUtge3C.iWKuRiMk~IWKX6OKtvNEchq",
    "OpenApi__Auth__TenantId": "9c1950eb-9b19-491f-8503-cc7bfc823413"
  },
  "Host": {
    "LocalHttpPort": 7073
  }


} 